{
	"twitID": 828041776636297224,
	"location": [32.7766642, -96.79698789999999],
	"label": "neg",
	"prob_pos": 0.49424605305922026,
	"prob_neg": 0.5057539469407797,
	"prob_neu": 0.47780934039101064
},
{
	"twitID": 828041776434917376,
	"location": [35.7595731, -79.01929969999999],
	"label": "pos",
	"prob_pos": 0.5380819787887547,
	"prob_neg": 0.46191802121124526,
	"prob_neu": 0.22167350983124764
},
{
	"twitID": 828041775977725952,
	"location": [38.9071923, -77.0368707],
	"label": "pos",
	"prob_pos": 0.5667288109111236,
	"prob_neg": 0.4332711890888764,
	"prob_neu": 0.3968638762495113
}
